url,eco
https://opencollective.com/prettier,js
https://opencollective.com/jest,js
https://opencollective.com/webpack,js
https://github.com/sponsors/babel,js
https://opencollective.com/emotion,js
https://github.com/sponsors/clauderic,js
https://opencollective.com/storybook,js
https://opencollective.com/react-router,js
https://github.com/sponsors/orta,js
https://opencollective.com/rollup,js
https://opencollective.com/stylelint,js
https://opencollective.com/typescript-eslint,js
https://opencollective.com/vuejs,js
https://opencollective.com/core-js,js
https://github.com/sponsors/brettz9,js
https://github.com/sponsors/epoberezkin,js
https://github.com/sponsors/eslint,js
https://github.com/sponsors/feross,js
https://github.com/sponsors/krisk,js
https://github.com/sponsors/sindresorhus,js
https://github.com/sponsors/yarnpkg,js
https://github.com/sponsors/Yuyz0112,js
https://github.com/sponsors/axios,js
https://github.com/sponsors/twbs,js
https://opencollective.com/date-fns,js
https://opencollective.com/nock,js
https://github.com/sponsors/blakeembrey,js
https://github.com/sponsors/cure53,js
https://github.com/sponsors/emberjs,js
https://github.com/sponsors/gajus,js
https://github.com/sponsors/isaacs,js
https://github.com/sponsors/jonschlinkert,js
https://github.com/sponsors/ljharb,js
https://github.com/sponsors/mhart,js
https://github.com/sponsors/mysticatea,js
https://github.com/sponsors/node-fetch,js
https://github.com/sponsors/posva,js
https://github.com/sponsors/sinonjs,js
https://github.com/sponsors/steveukx,js
https://github.com/sponsors/terkelg,js
https://github.com/sponsors/timdorr,js
https://github.com/sponsors/unifiedjs,js
https://github.com/sponsors/wojtekmaj,js
https://opencollective.com/chaijs,js
https://opencollective.com/fast-xml-parser,js
https://opencollective.com/html-webpack-plugin,js
https://opencollective.com/mobx,js
https://opencollective.com/mochajs,js
https://opencollective.com/popperjs,js
https://opencollective.com/puzrin,js
https://github.com/sponsors/curl,os
https://opencollective.com/obsproject,os
https://github.com/sponsors/techqueria,os
https://github.com/sponsors/benaadams,os
https://github.com/sponsors/Homebrew,os
https://opencollective.com/neovim,os
https://opencollective.com/shields,os
https://github.com/sponsors/openssl,os
https://sfconservancy.org/,os
https://sfconservancy.org/,os
https://github.com/sponsors/balloob,os
https://github.com/sponsors/foosel,os
https://github.com/sponsors/fregante,js
https://github.com/sponsors/richfelker,os
https://github.com/sponsors/ziglang/,os
https://opencollective.com/astrodotbuild,os
https://opencollective.com/darkreader,os
https://opencollective.com/nim,os
https://opencollective.com/pytest,py
https://github.com/sponsors/encode,py
https://github.com/sponsors/celery,py
https://github.com/sponsors/dvarrazzo,py
https://github.com/sponsors/webknjaz,py
https://opencollective.com/pyenv,py
https://opencollective.com/urllib3,py
https://github.com/sponsors/hynek,py
https://github.com/sponsors/indygreg,py
https://github.com/sponsors/jpadilla,py
https://github.com/sponsors/Julian,py
https://github.com/sponsors/lepture,py
https://github.com/sponsors/nedbat,py
https://github.com/sponsors/timothycrosley,py
https://github.com/sponsors/WoLpH,py
https://github.com/sponsors/rust-analyzer,rs
https://github.com/sponsors/tokio-rs,rs
https://github.com/sponsors/cart,rs
https://github.com/sponsors/m-ou-se,rs
https://github.com/sponsors/dtolnay,rs
https://github.com/sponsors/seanmonstar,rs
https://github.com/sponsors/sfackler,rs
https://opencollective.com/clap,rs
